{
  "id": "crichtonis",
  "title": "crichtonis",
  "description": "The crichtonis system for FoundryVTT!",
  "version": "1.2.0",
  "compatibility": {
    "minimum": 10,
    "verified": "10.287",
    "maximum": 10
  },
  "authors": [{
    "name": "Asacolips"
  }],
  "esmodules": ["module/crichtonis.mjs"],
  "styles": ["https://raw.githubusercontent.com/rcottoson/crichtonis/main/css/crichtonis.css"],
  "scripts": [],
  "packs": [],
  "languages": [
    {
      "lang": "en",
      "name": "English",
      "path": "lang/en.json"
    }
  ],
  "gridDistance": 5,
  "gridUnits": "ft",
  "primaryTokenAttribute": "health",
  "secondaryTokenAttribute": "power",
  "url": "https://github.com/rcottoson/crichtonis",
  "manifest": "https://raw.githubusercontent.com/rcottoson/crichtonis/main/system.json",
  "download": "https://github.com/rcottoson/zip/raw/main/crichtonis.zip",
  "license": "LICENSE.txt",
  "changelog": "CHANGELOG.md"
}
